{
  "study_part": {
    "auc": 1.0,
    "acc": 1.0,
    "n_classes": 4
  },
  "cell_line": {
    "auc": 0.9948245334203292,
    "acc": 0.9312977099236641,
    "n_classes": 6
  },
  "pdl_bins": {
    "auc": 0.9959509977694759,
    "acc": 0.9643765903307888,
    "n_classes": 3
  }
}