{
  "telomere_length": {
    "spearman": -0.0019257653440856821,
    "spearman_p": 0.9860442671447897,
    "pearson": -0.0562191269615778,
    "pearson_p": 0.609319652367103,
    "n": 85
  },
  "mtdna_cn": {
    "spearman": 0.12781345203301495,
    "spearman_p": 0.24372662163362233,
    "pearson": 0.3232408496501132,
    "pearson_p": 0.002549065167110755,
    "n": 85
  }
}