{
  "timestamp": "2026-03-20T18:09:16.668996",
  "config": {
    "manifest": "manifest_mvp1_finetune_20260319_153838.csv",
    "filter": "10x only",
    "lambdas": {
      "pdl": 1.0,
      "rank": 0.3,
      "cons": 0.2,
      "dann": 0.1,
      "dann_max": 0.5
    }
  },
  "results": {
    "A1_rank": {
      "0.0": {
        "n_val": 127,
        "cell_lines_val": [
          "hFB12"
        ],
        "trivial_mae": 0.23198145230021278,
        "model_mae": "0.12833141",
        "improvement_pct": 44.680315330318656,
        "spearman": 0.8143607349369834,
        "spearman_p": 2.524480676693642e-31,
        "r2": 0.5638171136379242
      },
      "1.0": {
        "n_val": 217,
        "cell_lines_val": [
          "hFB13",
          "hFB14"
        ],
        "trivial_mae": 0.264948480326208,
        "model_mae": "0.10686589",
        "improvement_pct": 59.66540733030773,
        "spearman": 0.8299496057654544,
        "spearman_p": 2.0633252537155883e-56,
        "r2": 0.7083203494548798
      },
      "2.0": {
        "n_val": 49,
        "cell_lines_val": [
          "hFB1",
          "hFB11",
          "hFB2"
        ],
        "trivial_mae": 0.2596143822449049,
        "model_mae": "0.18724126",
        "improvement_pct": 27.877163577017217,
        "spearman": 0.6169979383252604,
        "spearman_p": 2.3430155533646585e-06,
        "r2": 0.40559178590774536
      }
    },
    "A2_rank_cons": {
      "0.0": {
        "n_val": 127,
        "cell_lines_val": [
          "hFB12"
        ],
        "trivial_mae": 0.23198145230021278,
        "model_mae": "0.13330416",
        "improvement_pct": 42.53671468481072,
        "spearman": 0.7941115752856255,
        "spearman_p": 8.285910442434989e-29,
        "r2": 0.5489441156387329
      },
      "1.0": {
        "n_val": 217,
        "cell_lines_val": [
          "hFB13",
          "hFB14"
        ],
        "trivial_mae": 0.264948480326208,
        "model_mae": "0.11703134",
        "improvement_pct": 55.82864142599399,
        "spearman": 0.7969945171152654,
        "spearman_p": 5.668647010149363e-49,
        "r2": 0.6431315243244171
      },
      "2.0": {
        "n_val": 49,
        "cell_lines_val": [
          "hFB1",
          "hFB11",
          "hFB2"
        ],
        "trivial_mae": 0.2596143822449049,
        "model_mae": "0.18352473",
        "improvement_pct": 29.308720790274368,
        "spearman": 0.6169311701619659,
        "spearman_p": 2.3505819068104867e-06,
        "r2": 0.39503467082977295
      }
    },
    "A3_dann": {
      "0.0": {
        "n_val": 127,
        "cell_lines_val": [
          "hFB12"
        ],
        "trivial_mae": 0.23198145230021278,
        "model_mae": "0.13501911",
        "improvement_pct": 41.79745522140406,
        "spearman": 0.7853170183884357,
        "spearman_p": 8.414559546696657e-28,
        "r2": 0.5471123456954956
      },
      "1.0": {
        "n_val": 217,
        "cell_lines_val": [
          "hFB13",
          "hFB14"
        ],
        "trivial_mae": 0.264948480326208,
        "model_mae": "0.11043427",
        "improvement_pct": 58.3185865949341,
        "spearman": 0.8232510375337452,
        "spearman_p": 8.924756054381365e-55,
        "r2": 0.6627148687839508
      },
      "2.0": {
        "n_val": 49,
        "cell_lines_val": [
          "hFB1",
          "hFB11",
          "hFB2"
        ],
        "trivial_mae": 0.2596143822449049,
        "model_mae": "0.18870264",
        "improvement_pct": 27.31425690444911,
        "spearman": 0.5946318383703381,
        "spearman_p": 6.627630733191082e-06,
        "r2": 0.37089598178863525
      }
    }
  },
  "batch_probe": {
    "A1_rank": {
      "raw_z_auc": 0.9959875497735071,
      "struct_auc": 0.8497231969579562,
      "full_auc": 0.9976381652341009,
      "delta": 0.1479149682761447,
      "pdl_bins_auc": 0.9630336648475234
    },
    "A2_rank_cons": {
      "raw_z_auc": 0.9734776787380639,
      "struct_auc": 0.8497231969579562,
      "full_auc": 0.9817886148558744,
      "delta": 0.13206541789791826,
      "pdl_bins_auc": 0.9042816692202137
    },
    "A3_dann": {
      "raw_z_auc": 0.952076450872251,
      "struct_auc": 0.8497231969579562,
      "full_auc": 0.9745073981299065,
      "delta": 0.12478420117195033,
      "pdl_bins_auc": 0.9096395880749052
    }
  },
  "fusion_readiness": {
    "A1_rank": {
      "telomere_length": {
        "simple_rho": 0.1811655708853449,
        "simple_p": 0.11484210366606233,
        "partial_rho": -0.0886481939113518,
        "partial_p": 0.4432762331821294,
        "n": 77
      },
      "mtdna_cn": {
        "simple_rho": -0.04532309795467689,
        "simple_p": 0.6954980866336856,
        "partial_rho": 0.15421420684578577,
        "partial_p": 0.18053271935752335,
        "n": 77
      }
    },
    "A2_rank_cons": {
      "telomere_length": {
        "simple_rho": 0.2175064982332724,
        "simple_p": 0.05740539993238015,
        "partial_rho": 0.007177033492822966,
        "partial_p": 0.950603525789947,
        "n": 77
      },
      "mtdna_cn": {
        "simple_rho": 0.003601661496398338,
        "simple_p": 0.9751996710034805,
        "partial_rho": 0.2515116462484883,
        "partial_p": 0.027348474402821774,
        "n": 77
      }
    },
    "A3_dann": {
      "telomere_length": {
        "simple_rho": 0.16290307157772138,
        "simple_p": 0.1569034894739084,
        "partial_rho": -0.029207634470792363,
        "partial_p": 0.8009192010951676,
        "n": 77
      },
      "mtdna_cn": {
        "simple_rho": -0.01714075398285924,
        "simple_p": 0.8823741843336268,
        "partial_rho": 0.19309637730690363,
        "partial_p": 0.09245741544477153,
        "n": 77
      }
    }
  }
}