{
  "A1_rank": {
    "raw_z_auc": 0.9959875497735071,
    "struct_auc": 0.8497231969579562,
    "full_auc": 0.9976381652341009,
    "delta": 0.1479149682761447,
    "pdl_bins_auc": 0.9630336648475234
  },
  "A2_rank_cons": {
    "raw_z_auc": 0.9734776787380639,
    "struct_auc": 0.8497231969579562,
    "full_auc": 0.9817886148558744,
    "delta": 0.13206541789791826,
    "pdl_bins_auc": 0.9042816692202137
  },
  "A3_dann": {
    "raw_z_auc": 0.952076450872251,
    "struct_auc": 0.8497231969579562,
    "full_auc": 0.9745073981299065,
    "delta": 0.12478420117195033,
    "pdl_bins_auc": 0.9096395880749052
  }
}