{
  "A1_rank": {
    "telomere_length": {
      "simple_rho": 0.1811655708853449,
      "simple_p": 0.11484210366606233,
      "partial_rho": -0.0886481939113518,
      "partial_p": 0.4432762331821294,
      "n": 77
    },
    "mtdna_cn": {
      "simple_rho": -0.04532309795467689,
      "simple_p": 0.6954980866336856,
      "partial_rho": 0.15421420684578577,
      "partial_p": 0.18053271935752335,
      "n": 77
    }
  },
  "A2_rank_cons": {
    "telomere_length": {
      "simple_rho": 0.2175064982332724,
      "simple_p": 0.05740539993238015,
      "partial_rho": 0.007177033492822966,
      "partial_p": 0.950603525789947,
      "n": 77
    },
    "mtdna_cn": {
      "simple_rho": 0.003601661496398338,
      "simple_p": 0.9751996710034805,
      "partial_rho": 0.2515116462484883,
      "partial_p": 0.027348474402821774,
      "n": 77
    }
  },
  "A3_dann": {
    "telomere_length": {
      "simple_rho": 0.16290307157772138,
      "simple_p": 0.1569034894739084,
      "partial_rho": -0.029207634470792363,
      "partial_p": 0.8009192010951676,
      "n": 77
    },
    "mtdna_cn": {
      "simple_rho": -0.01714075398285924,
      "simple_p": 0.8823741843336268,
      "partial_rho": 0.19309637730690363,
      "partial_p": 0.09245741544477153,
      "n": 77
    }
  }
}