{
  "study_part": {
    "raw": 0.8742445834052572,
    "struct": 0.8455925864035915,
    "full": 0.921129052376902,
    "delta": 0.07553646597331054
  },
  "magnification": {
    "raw": 0.8266089998893683
  },
  "pdl_bins": {
    "auc": 0.8643404880180396
  },
  "cell_line": {
    "raw": 0.9459337588487243
  }
}