{
  "telomere_length": {
    "simple_rho": 0.1951944310446208,
    "simple_p": 0.08890267614644728,
    "partial_rho": -0.10910142489089857,
    "partial_p": 0.3449011368617135,
    "n": 77
  },
  "mtdna_cn": {
    "simple_rho": -0.04939797045060203,
    "simple_p": 0.6696443744813086,
    "partial_rho": 0.18502550081497446,
    "partial_p": 0.10718425293578672,
    "n": 77
  }
}